symbol,price,chg_24h_pct,vol_24h_usd,daily_vol_pct,dev_from_7d_mean_pct,range_7d_pct
PUMPUSDT,0.0056393,-9.595,548455,8.81,-7.78,28.1
NEARUSDT,4.544,-15.161,656642,7.71,-8.64,25.87
ALGOUSDT,0.11805,-0.388,137532,6.57,-6.45,19.19
ZECUSDT,1190.08,-11.009,2375856,5.61,-9.58,25.1
SUIUSDT,1.0513,-6.841,234875,5.56,-9.93,25.6
ADAUSDT,0.23462,-8.032,183133,5.11,-7.95,24.4
HBARUSD,0.09076,-2.388,223467,4.2,-8.87,21.04
DOGEUSDT,0.08454,-4.915,211299,3.68,-8.69,19.4
LTCUSDT,63.5,-3.773,135987,3.51,-7.56,17.97
XRPUSD,1.3845,-2.63,2248128,2.99,-6.32,16.57
SOLUSDT,110.41,-5.032,1300875,2.71,-7.13,16.41
ETHUSDT,2479.15,-3.754,1965293,2.33,-6.83,14.05
BTCUSDT,81861.78,-1.828,8199049,1.75,-3.42,7.6
