run_id,symbol,made_at_utc,horizon_h,due_at_utc,price_at_forecast,typical_move_pct,range68_low,range68_high,range90_low,range90_high,chance_higher_pct,price_at_due,change_pct,in_68,in_90,direction_right,brier
F001,ZECUSDT,2026-10-09T00:00:00+00:00,6,2026-10-09T06:00:00+00:00,1186.1,3.06,1150.35,1222.96,1127.87,1247.34,50,1218.7,+2.75,True,True,,0.250
F001,ZECUSDT,2026-10-09T00:00:00+00:00,12,2026-10-09T12:00:00+00:00,1186.1,4.33,1135.86,1238.56,1104.59,1273.62,50,1234.67,+4.09,True,True,,0.250
F001,ZECUSDT,2026-10-09T00:00:00+00:00,24,2026-10-10T00:00:00+00:00,1186.1,6.12,1115.68,1260.96,1072.5,1311.74,50,,,,,,
F001,NEARUSDT,2026-10-09T00:00:00+00:00,6,2026-10-09T06:00:00+00:00,4.483,4.27,4.29541,4.67879,4.17859,4.80958,50,4.851,+8.21,False,False,,0.250
F001,NEARUSDT,2026-10-09T00:00:00+00:00,12,2026-10-09T12:00:00+00:00,4.483,6.05,4.22002,4.76237,4.05864,4.95173,47,4.895,+9.19,False,True,False,0.281
F001,NEARUSDT,2026-10-09T00:00:00+00:00,24,2026-10-10T00:00:00+00:00,4.483,8.55,4.11566,4.88312,3.89486,5.15996,45,,,,,,
F001,SUIUSDT,2026-10-09T00:00:00+00:00,6,2026-10-09T06:00:00+00:00,1.0409,2.85,1.01168,1.07096,0.993272,1.09081,50,1.0711,+2.90,False,True,,0.250
F001,SUIUSDT,2026-10-09T00:00:00+00:00,12,2026-10-09T12:00:00+00:00,1.0409,4.03,0.99982,1.08367,0.974187,1.11218,47,1.0706,+2.85,True,True,False,0.281
F001,SUIUSDT,2026-10-09T00:00:00+00:00,24,2026-10-10T00:00:00+00:00,1.0409,5.69,0.983283,1.10189,0.947823,1.14312,45,,,,,,
F001,ADAUSDT,2026-10-09T00:00:00+00:00,6,2026-10-09T06:00:00+00:00,0.23462,2.31,0.229267,0.240097,0.22588,0.243698,50,0.23884,+1.80,True,True,,0.250
F001,ADAUSDT,2026-10-09T00:00:00+00:00,12,2026-10-09T12:00:00+00:00,0.23462,3.26,0.227086,0.242404,0.222356,0.247561,47,0.24006,+2.32,True,True,False,0.281
F001,ADAUSDT,2026-10-09T00:00:00+00:00,24,2026-10-10T00:00:00+00:00,0.23462,4.62,0.224037,0.245703,0.217466,0.253127,45,,,,,,
F001,PUMPUSDT,2026-10-09T00:00:00+00:00,6,2026-10-09T06:00:00+00:00,0.0055432,4.02,0.00532505,0.00577029,0.00518891,0.00592168,50,0.0056027,+1.07,True,True,,0.250
F001,PUMPUSDT,2026-10-09T00:00:00+00:00,12,2026-10-09T12:00:00+00:00,0.0055432,5.68,0.00523722,0.00586706,0.00504888,0.00608592,45,0.005726,+3.30,True,True,False,0.303
F001,PUMPUSDT,2026-10-09T00:00:00+00:00,24,2026-10-10T00:00:00+00:00,0.0055432,8.03,0.00511548,0.00600669,0.00485727,0.006326,42,,,,,,
F001,BTCUSDT,2026-10-09T00:00:00+00:00,6,2026-10-09T06:00:00+00:00,81754.4,0.92,81008.1,82507.6,80530.4,82997.1,50,82392.2,+0.78,True,True,,0.250
F001,BTCUSDT,2026-10-09T00:00:00+00:00,12,2026-10-09T12:00:00+00:00,81754.4,1.30,80701,82821.6,80028.8,83517.4,48,83189.8,+1.76,False,True,False,0.270
F001,BTCUSDT,2026-10-09T00:00:00+00:00,24,2026-10-10T00:00:00+00:00,81754.4,1.83,80268.6,83267.8,79324.7,84258.7,47,,,,,,
